7356,2015-06-01 00:00:00
7093,2015-06-02 00:00:00
13660,2015-06-03 00:00:00
14591,2015-06-04 00:00:00
13860,2015-06-05 00:00:00
7295,2015-06-06 00:00:00
6514,2015-06-07 00:00:00
11431,2015-06-08 00:00:00
14303,2015-06-09 00:00:00
14465,2015-06-10 00:00:00
14382,2015-06-11 00:00:00
12058,2015-06-12 00:00:00
5913,2015-06-13 00:00:00
2929,2015-06-14 00:00:00
11609,2015-06-15 00:00:00
8476,2015-06-16 00:00:00
14460,2015-06-17 00:00:00
14901,2015-06-18 00:00:00
13869,2015-06-19 00:00:00
7825,2015-06-20 00:00:00
6946,2015-06-21 00:00:00
12783,2015-06-22 00:00:00
13258,2015-06-23 00:00:00
15370,2015-06-24 00:00:00
14347,2015-06-25 00:00:00
13350,2015-06-26 00:00:00
7431,2015-06-27 00:00:00
6172,2015-06-28 00:00:00
12683,2015-06-29 00:00:00
13399,2015-06-30 00:00:00
13214,2015-07-01 00:00:00
13172,2015-07-02 00:00:00
11412,2015-07-03 00:00:00
6032,2015-07-04 00:00:00
4682,2015-07-05 00:00:00
10593,2015-07-06 00:00:00
11336,2015-07-07 00:00:00
12065,2015-07-08 00:00:00
12713,2015-07-09 00:00:00
10846,2015-07-10 00:00:00
5959,2015-07-11 00:00:00
4943,2015-07-12 00:00:00
11518,2015-07-13 00:00:00
12350,2015-07-14 00:00:00
12242,2015-07-15 00:00:00
11769,2015-07-16 00:00:00
10189,2015-07-17 00:00:00
4532,2015-07-18 00:00:00
3922,2015-07-19 00:00:00
10120,2015-07-20 00:00:00
10918,2015-07-21 00:00:00
10638,2015-07-22 00:00:00
10792,2015-07-23 00:00:00
9829,2015-07-24 00:00:00
5131,2015-07-25 00:00:00
4874,2015-07-26 00:00:00
10324,2015-07-27 00:00:00
11515,2015-07-28 00:00:00
11475,2015-07-29 00:00:00
11404,2015-07-30 00:00:00
9860,2015-07-31 00:00:00
2822,2015-08-01 00:00:00
4787,2015-08-02 00:00:00
8607,2015-08-03 00:00:00
9005,2015-08-04 00:00:00
8293,2015-08-05 00:00:00
7699,2015-08-06 00:00:00
5946,2015-08-07 00:00:00
2757,2015-08-08 00:00:00
2426,2015-08-09 00:00:00
2878,2015-08-10 00:00:00
4511,2015-08-11 00:00:00
4337,2015-08-12 00:00:00
4064,2015-08-13 00:00:00
2689,2015-08-14 00:00:00
1737,2015-08-15 00:00:00
2078,2015-08-16 00:00:00
3855,2015-08-17 00:00:00
3850,2015-08-18 00:00:00
4696,2015-08-19 00:00:00
4918,2015-08-20 00:00:00
4882,2015-08-21 00:00:00
3153,2015-08-22 00:00:00
1689,2015-08-23 00:00:00
3459,2015-08-24 00:00:00
7469,2015-08-25 00:00:00
8275,2015-08-26 00:00:00
8785,2015-08-27 00:00:00
7805,2015-08-28 00:00:00
4826,2015-08-29 00:00:00
4886,2015-08-30 00:00:00
10215,2015-08-31 00:00:00
11509,2015-09-01 00:00:00
12778,2015-09-02 00:00:00
13018,2015-09-03 00:00:00
12673,2015-09-04 00:00:00
6161,2015-09-05 00:00:00
6674,2015-09-06 00:00:00
13097,2015-09-07 00:00:00
14179,2015-09-08 00:00:00
14114,2015-09-09 00:00:00
14075,2015-09-10 00:00:00
13497,2015-09-11 00:00:00
7540,2015-09-12 00:00:00
3631,2015-09-13 00:00:00
10889,2015-09-14 00:00:00
14444,2015-09-15 00:00:00
9992,2015-09-16 00:00:00
14344,2015-09-17 00:00:00
14379,2015-09-18 00:00:00
8483,2015-09-19 00:00:00
7678,2015-09-20 00:00:00
13729,2015-09-21 00:00:00
14723,2015-09-22 00:00:00
5057,2015-09-23 00:00:00
14380,2015-09-24 00:00:00
14972,2015-09-25 00:00:00
8956,2015-09-26 00:00:00
6807,2015-09-27 00:00:00
13553,2015-09-28 00:00:00
14355,2015-09-29 00:00:00
14220,2015-09-30 00:00:00
13592,2015-10-01 00:00:00
8875,2015-10-02 00:00:00
5116,2015-10-03 00:00:00
5068,2015-10-04 00:00:00
13130,2015-10-05 00:00:00
10833,2015-10-06 00:00:00
14455,2015-10-07 00:00:00
15085,2015-10-08 00:00:00
14422,2015-10-09 00:00:00
8503,2015-10-10 00:00:00
7574,2015-10-11 00:00:00
12440,2015-10-12 00:00:00
4229,2015-10-13 00:00:00
10469,2015-10-14 00:00:00
10240,2015-10-15 00:00:00
12219,2015-10-16 00:00:00
6636,2015-10-17 00:00:00
4138,2015-10-18 00:00:00
12627,2015-10-19 00:00:00
13403,2015-10-20 00:00:00
13414,2015-10-21 00:00:00
13410,2015-10-22 00:00:00
13113,2015-10-23 00:00:00
7884,2015-10-24 00:00:00
6249,2015-10-25 00:00:00
11945,2015-10-26 00:00:00
12857,2015-10-27 00:00:00
7170,2015-10-28 00:00:00
10497,2015-10-29 00:00:00
12499,2015-10-30 00:00:00
6969,2015-10-31 00:00:00
6147,2015-11-01 00:00:00
11641,2015-11-02 00:00:00
11927,2015-11-03 00:00:00
13355,2015-11-04 00:00:00
13365,2015-11-05 00:00:00
13065,2015-11-06 00:00:00
7742,2015-11-07 00:00:00
6189,2015-11-08 00:00:00
13108,2015-11-09 00:00:00
14120,2015-11-10 00:00:00
13980,2015-11-11 00:00:00
13835,2015-11-12 00:00:00
13144,2015-11-13 00:00:00
4950,2015-11-14 00:00:00
4369,2015-11-15 00:00:00
11440,2015-11-16 00:00:00
12030,2015-11-17 00:00:00
11768,2015-11-18 00:00:00
11590,2015-11-19 00:00:00
12010,2015-11-20 00:00:00
5264,2015-11-21 00:00:00
4665,2015-11-22 00:00:00
7151,2015-11-23 00:00:00
11535,2015-11-24 00:00:00
11070,2015-11-25 00:00:00
11072,2015-11-26 00:00:00
10614,2015-11-27 00:00:00
5224,2015-11-28 00:00:00
4055,2015-11-29 00:00:00
10851,2015-11-30 00:00:00
11785,2015-12-01 00:00:00
11036,2015-12-02 00:00:00
10212,2015-12-03 00:00:00
9169,2015-12-04 00:00:00
3591,2015-12-05 00:00:00
2236,2015-12-06 00:00:00
3425,2015-12-07 00:00:00
3671,2015-12-08 00:00:00
10099,2015-12-09 00:00:00
10294,2015-12-10 00:00:00
10118,2015-12-11 00:00:00
5760,2015-12-12 00:00:00
4256,2015-12-13 00:00:00
10352,2015-12-14 00:00:00
11308,2015-12-15 00:00:00
11164,2015-12-16 00:00:00
11152,2015-12-17 00:00:00
10956,2015-12-18 00:00:00
6494,2015-12-19 00:00:00
5294,2015-12-20 00:00:00
7343,2015-12-21 00:00:00
10522,2015-12-22 00:00:00
8842,2015-12-23 00:00:00
4718,2015-12-24 00:00:00
970,2015-12-25 00:00:00
1382,2015-12-26 00:00:00
1743,2015-12-27 00:00:00
5145,2015-12-28 00:00:00
5740,2015-12-29 00:00:00
5796,2015-12-30 00:00:00
2577,2015-12-31 00:00:00
1135,2016-01-01 00:00:00
510,2016-01-02 00:00:00
1239,2016-01-03 00:00:00
3687,2016-01-04 00:00:00
3760,2016-01-05 00:00:00
3510,2016-01-06 00:00:00
7880,2016-01-07 00:00:00
8643,2016-01-08 00:00:00
1559,2016-01-09 00:00:00
2783,2016-01-10 00:00:00
8331,2016-01-11 00:00:00
10764,2016-01-12 00:00:00
10633,2016-01-13 00:00:00
10279,2016-01-14 00:00:00
10358,2016-01-15 00:00:00
5515,2016-01-16 00:00:00
3873,2016-01-17 00:00:00
9511,2016-01-18 00:00:00
9791,2016-01-19 00:00:00
9920,2016-01-20 00:00:00
9906,2016-01-21 00:00:00
9642,2016-01-22 00:00:00
4931,2016-01-23 00:00:00
3857,2016-01-24 00:00:00
10255,2016-01-25 00:00:00
11470,2016-01-26 00:00:00
11599,2016-01-27 00:00:00
11317,2016-01-28 00:00:00
11505,2016-01-29 00:00:00
2734,2016-01-30 00:00:00
4664,2016-01-31 00:00:00
10538,2016-02-01 00:00:00
10236,2016-02-02 00:00:00
7184,2016-02-03 00:00:00
11953,2016-02-04 00:00:00
11484,2016-02-05 00:00:00
4362,2016-02-06 00:00:00
464,2016-02-07 00:00:00
10046,2016-02-08 00:00:00
6504,2016-02-09 00:00:00
11773,2016-02-10 00:00:00
10870,2016-02-11 00:00:00
6499,2016-02-12 00:00:00
4288,2016-02-13 00:00:00
1155,2016-02-14 00:00:00
11004,2016-02-15 00:00:00
5615,2016-02-16 00:00:00
6468,2016-02-17 00:00:00
11721,2016-02-18 00:00:00
11555,2016-02-19 00:00:00
6345,2016-02-20 00:00:00
5756,2016-02-21 00:00:00
10688,2016-02-22 00:00:00
12580,2016-02-23 00:00:00
12771,2016-02-24 00:00:00
9689,2016-02-25 00:00:00
10492,2016-02-26 00:00:00
1900,2016-02-27 00:00:00
735,2016-02-28 00:00:00
6851,2016-02-29 00:00:00
13088,2016-03-01 00:00:00
12170,2016-03-02 00:00:00
12933,2016-03-03 00:00:00
12177,2016-03-04 00:00:00
885,2016-03-05 00:00:00
3510,2016-03-06 00:00:00
10439,2016-03-07 00:00:00
10199,2016-03-08 00:00:00
11243,2016-03-09 00:00:00
12556,2016-03-10 00:00:00
12556,2016-03-11 00:00:00
7018,2016-03-12 00:00:00
4723,2016-03-13 00:00:00
11652,2016-03-14 00:00:00
13181,2016-03-15 00:00:00
11331,2016-03-16 00:00:00
14032,2016-03-17 00:00:00
16475,2016-03-18 00:00:00
9170,2016-03-19 00:00:00
8081,2016-03-20 00:00:00
13850,2016-03-21 00:00:00
14628,2016-03-22 00:00:00
14523,2016-03-23 00:00:00
12887,2016-03-24 00:00:00
8624,2016-03-25 00:00:00
4550,2016-03-26 00:00:00
2627,2016-03-27 00:00:00
2156,2016-03-28 00:00:00
11248,2016-03-29 00:00:00
12426,2016-03-30 00:00:00
14003,2016-03-31 00:00:00
13746,2016-04-01 00:00:00
9142,2016-04-02 00:00:00
8907,2016-04-03 00:00:00
13161,2016-04-04 00:00:00
15060,2016-04-05 00:00:00
14896,2016-04-06 00:00:00
16503,2016-04-07 00:00:00
15545,2016-04-08 00:00:00
9371,2016-04-09 00:00:00
10776,2016-04-10 00:00:00
16964,2016-04-11 00:00:00
18497,2016-04-12 00:00:00
16657,2016-04-13 00:00:00
20056,2016-04-14 00:00:00
19038,2016-04-15 00:00:00
13756,2016-04-16 00:00:00
9348,2016-04-17 00:00:00
15849,2016-04-18 00:00:00
17718,2016-04-19 00:00:00
17700,2016-04-20 00:00:00
17309,2016-04-21 00:00:00
16283,2016-04-22 00:00:00
6843,2016-04-23 00:00:00
6055,2016-04-24 00:00:00
7060,2016-04-25 00:00:00
13668,2016-04-26 00:00:00
16008,2016-04-27 00:00:00
15106,2016-04-28 00:00:00
15407,2016-04-29 00:00:00
9234,2016-04-30 00:00:00
2907,2016-05-01 00:00:00
15008,2016-05-02 00:00:00
17632,2016-05-03 00:00:00
18494,2016-05-04 00:00:00
17948,2016-05-05 00:00:00
18099,2016-05-06 00:00:00
11643,2016-05-07 00:00:00
8745,2016-05-08 00:00:00
9639,2016-05-09 00:00:00
13208,2016-05-10 00:00:00
3882,2016-05-11 00:00:00
9071,2016-05-12 00:00:00
11806,2016-05-13 00:00:00
10640,2016-05-14 00:00:00
10677,2016-05-15 00:00:00
16118,2016-05-16 00:00:00
17998,2016-05-17 00:00:00
17536,2016-05-18 00:00:00
5120,2016-05-19 00:00:00
17622,2016-05-20 00:00:00
12120,2016-05-21 00:00:00
10944,2016-05-22 00:00:00
12830,2016-05-23 00:00:00
18111,2016-05-24 00:00:00
17721,2016-05-25 00:00:00
18468,2016-05-26 00:00:00
18733,2016-05-27 00:00:00
12598,2016-05-28 00:00:00
2522,2016-05-29 00:00:00
6567,2016-05-30 00:00:00
14234,2016-05-31 00:00:00
13332,2016-06-01 00:00:00
5007,2016-06-02 00:00:00
7726,2016-06-03 00:00:00
5406,2016-06-04 00:00:00
6278,2016-06-05 00:00:00
16041,2016-06-06 00:00:00
17603,2016-06-07 00:00:00
15702,2016-06-08 00:00:00
12869,2016-06-09 00:00:00
17364,2016-06-10 00:00:00
9284,2016-06-11 00:00:00
9340,2016-06-12 00:00:00
16964,2016-06-13 00:00:00
16180,2016-06-14 00:00:00
16341,2016-06-15 00:00:00
11713,2016-06-16 00:00:00
16631,2016-06-17 00:00:00
9175,2016-06-18 00:00:00
6524,2016-06-19 00:00:00
16793,2016-06-20 00:00:00
17675,2016-06-21 00:00:00
17614,2016-06-22 00:00:00
16884,2016-06-23 00:00:00
14482,2016-06-24 00:00:00
8305,2016-06-25 00:00:00
6694,2016-06-26 00:00:00
15245,2016-06-27 00:00:00
16924,2016-06-28 00:00:00
16808,2016-06-29 00:00:00
16401,2016-06-30 00:00:00
14973,2016-07-01 00:00:00
6448,2016-07-02 00:00:00
7666,2016-07-03 00:00:00
15192,2016-07-04 00:00:00
17108,2016-07-05 00:00:00
16919,2016-07-06 00:00:00
16645,2016-07-07 00:00:00
14931,2016-07-08 00:00:00
7294,2016-07-09 00:00:00
6106,2016-07-10 00:00:00
13623,2016-07-11 00:00:00
12251,2016-07-12 00:00:00
11669,2016-07-13 00:00:00
16368,2016-07-14 00:00:00
15136,2016-07-15 00:00:00
7885,2016-07-16 00:00:00
7286,2016-07-17 00:00:00
15025,2016-07-18 00:00:00
16333,2016-07-19 00:00:00
16115,2016-07-20 00:00:00
14635,2016-07-21 00:00:00
14087,2016-07-22 00:00:00
7948,2016-07-23 00:00:00
7059,2016-07-24 00:00:00
14429,2016-07-25 00:00:00
14971,2016-07-26 00:00:00
14252,2016-07-27 00:00:00
15123,2016-07-28 00:00:00
13537,2016-07-29 00:00:00
6927,2016-07-30 00:00:00
4991,2016-07-31 00:00:00
11865,2016-08-01 00:00:00
13294,2016-08-02 00:00:00
12773,2016-08-03 00:00:00
11778,2016-08-04 00:00:00
6606,2016-08-05 00:00:00
5211,2016-08-06 00:00:00
4376,2016-08-07 00:00:00
7179,2016-08-08 00:00:00
7646,2016-08-09 00:00:00
7230,2016-08-10 00:00:00
6937,2016-08-11 00:00:00
5899,2016-08-12 00:00:00
3308,2016-08-13 00:00:00
2995,2016-08-14 00:00:00
2986,2016-08-15 00:00:00
4823,2016-08-16 00:00:00
5530,2016-08-17 00:00:00
5693,2016-08-18 00:00:00
5408,2016-08-19 00:00:00
2772,2016-08-20 00:00:00
4119,2016-08-21 00:00:00
8095,2016-08-22 00:00:00
9420,2016-08-23 00:00:00
9885,2016-08-24 00:00:00
10486,2016-08-25 00:00:00
9943,2016-08-26 00:00:00
6266,2016-08-27 00:00:00
6542,2016-08-28 00:00:00
13317,2016-08-29 00:00:00
11892,2016-08-30 00:00:00
16110,2016-08-31 00:00:00
17092,2016-09-01 00:00:00
16401,2016-09-02 00:00:00
9697,2016-09-03 00:00:00
9065,2016-09-04 00:00:00
17867,2016-09-05 00:00:00
19388,2016-09-06 00:00:00
20000,2016-09-07 00:00:00
20365,2016-09-08 00:00:00
19237,2016-09-09 00:00:00
10775,2016-09-10 00:00:00
9664,2016-09-11 00:00:00
19309,2016-09-12 00:00:00
20774,2016-09-13 00:00:00
20925,2016-09-14 00:00:00
12660,2016-09-15 00:00:00
18698,2016-09-16 00:00:00
11947,2016-09-17 00:00:00
9818,2016-09-18 00:00:00
19756,2016-09-19 00:00:00
21460,2016-09-20 00:00:00
15251,2016-09-21 00:00:00
20571,2016-09-22 00:00:00
19847,2016-09-23 00:00:00
12834,2016-09-24 00:00:00
10605,2016-09-25 00:00:00
19731,2016-09-26 00:00:00
21060,2016-09-27 00:00:00
21344,2016-09-28 00:00:00
21324,2016-09-29 00:00:00
19934,2016-09-30 00:00:00
10929,2016-10-01 00:00:00
9831,2016-10-02 00:00:00
20077,2016-10-03 00:00:00
21080,2016-10-04 00:00:00
19969,2016-10-05 00:00:00
18784,2016-10-06 00:00:00
19054,2016-10-07 00:00:00
11341,2016-10-08 00:00:00
7244,2016-10-09 00:00:00
13188,2016-10-10 00:00:00
16544,2016-10-11 00:00:00
18211,2016-10-12 00:00:00
7240,2016-10-13 00:00:00
3784,2016-10-14 00:00:00
4726,2016-10-15 00:00:00
8726,2016-10-16 00:00:00
15341,2016-10-17 00:00:00
18713,2016-10-18 00:00:00
17475,2016-10-19 00:00:00
17942,2016-10-20 00:00:00
20232,2016-10-21 00:00:00
10432,2016-10-22 00:00:00
3002,2016-10-23 00:00:00
10578,2016-10-24 00:00:00
10001,2016-10-25 00:00:00
15781,2016-10-26 00:00:00
18341,2016-10-27 00:00:00
17022,2016-10-28 00:00:00
8637,2016-10-29 00:00:00
5885,2016-10-30 00:00:00
8129,2016-10-31 00:00:00
5958,2016-11-01 00:00:00
16247,2016-11-02 00:00:00
16502,2016-11-03 00:00:00
17251,2016-11-04 00:00:00
2008,2016-11-05 00:00:00
3573,2016-11-06 00:00:00
15867,2016-11-07 00:00:00
16705,2016-11-08 00:00:00
15161,2016-11-09 00:00:00
15395,2016-11-10 00:00:00
13639,2016-11-11 00:00:00
8100,2016-11-12 00:00:00
5443,2016-11-13 00:00:00
14038,2016-11-14 00:00:00
14209,2016-11-15 00:00:00
14656,2016-11-16 00:00:00
14321,2016-11-17 00:00:00
9136,2016-11-18 00:00:00
5508,2016-11-19 00:00:00
4095,2016-11-20 00:00:00
4962,2016-11-21 00:00:00
3200,2016-11-22 00:00:00
11232,2016-11-23 00:00:00
7315,2016-11-24 00:00:00
8879,2016-11-25 00:00:00
8456,2016-11-26 00:00:00
6142,2016-11-27 00:00:00
13236,2016-11-28 00:00:00
13567,2016-11-29 00:00:00
13613,2016-11-30 00:00:00
13828,2016-12-01 00:00:00
13640,2016-12-02 00:00:00
6470,2016-12-03 00:00:00
4855,2016-12-04 00:00:00
12083,2016-12-05 00:00:00
12803,2016-12-06 00:00:00
5670,2016-12-07 00:00:00
3748,2016-12-08 00:00:00
5486,2016-12-09 00:00:00
3792,2016-12-10 00:00:00
3694,2016-12-11 00:00:00
10950,2016-12-12 00:00:00
12199,2016-12-13 00:00:00
11699,2016-12-14 00:00:00
11768,2016-12-15 00:00:00
12399,2016-12-16 00:00:00
5833,2016-12-17 00:00:00
4375,2016-12-18 00:00:00
10496,2016-12-19 00:00:00
8371,2016-12-20 00:00:00
12116,2016-12-21 00:00:00
11529,2016-12-22 00:00:00
9131,2016-12-23 00:00:00
2760,2016-12-24 00:00:00
1088,2016-12-25 00:00:00
1922,2016-12-26 00:00:00
6090,2016-12-27 00:00:00
5779,2016-12-28 00:00:00
5022,2016-12-29 00:00:00
4270,2016-12-30 00:00:00
1912,2016-12-31 00:00:00
1394,2017-01-01 00:00:00
4079,2017-01-02 00:00:00
5564,2017-01-03 00:00:00
5971,2017-01-04 00:00:00
5673,2017-01-05 00:00:00
2766,2017-01-06 00:00:00
3017,2017-01-07 00:00:00
2647,2017-01-08 00:00:00
9472,2017-01-09 00:00:00
9503,2017-01-10 00:00:00
9609,2017-01-11 00:00:00
9281,2017-01-12 00:00:00
8325,2017-01-13 00:00:00
5193,2017-01-14 00:00:00
4116,2017-01-15 00:00:00
10582,2017-01-16 00:00:00
10880,2017-01-17 00:00:00
11177,2017-01-18 00:00:00
11190,2017-01-19 00:00:00
10825,2017-01-20 00:00:00
5139,2017-01-21 00:00:00
4198,2017-01-22 00:00:00
11022,2017-01-23 00:00:00
11812,2017-01-24 00:00:00
11781,2017-01-25 00:00:00
11419,2017-01-26 00:00:00
10804,2017-01-27 00:00:00
5186,2017-01-28 00:00:00
3821,2017-01-29 00:00:00
10588,2017-01-30 00:00:00
9797,2017-01-31 00:00:00
7895,2017-02-01 00:00:00
5081,2017-02-02 00:00:00
5330,2017-02-03 00:00:00
2549,2017-02-04 00:00:00
654,2017-02-05 00:00:00
10323,2017-02-06 00:00:00
12680,2017-02-07 00:00:00
11912,2017-02-08 00:00:00
11519,2017-02-09 00:00:00
4738,2017-02-10 00:00:00
4331,2017-02-11 00:00:00
3438,2017-02-12 00:00:00
11404,2017-02-13 00:00:00
12931,2017-02-14 00:00:00
13387,2017-02-15 00:00:00
13787,2017-02-16 00:00:00
13676,2017-02-17 00:00:00
6554,2017-02-18 00:00:00
4725,2017-02-19 00:00:00
12121,2017-02-20 00:00:00
13651,2017-02-21 00:00:00
13089,2017-02-22 00:00:00
12548,2017-02-23 00:00:00
12014,2017-02-24 00:00:00
7371,2017-02-25 00:00:00
5960,2017-02-26 00:00:00
10817,2017-02-27 00:00:00
9592,2017-02-28 00:00:00
14505,2017-03-01 00:00:00
13888,2017-03-02 00:00:00
6482,2017-03-03 00:00:00
2856,2017-03-04 00:00:00
5525,2017-03-05 00:00:00
12241,2017-03-06 00:00:00
14936,2017-03-07 00:00:00
18231,2017-03-08 00:00:00
16371,2017-03-09 00:00:00
15950,2017-03-10 00:00:00
8916,2017-03-11 00:00:00
7255,2017-03-12 00:00:00
15204,2017-03-13 00:00:00
16513,2017-03-14 00:00:00
16782,2017-03-15 00:00:00
16772,2017-03-16 00:00:00
16378,2017-03-17 00:00:00
9104,2017-03-18 00:00:00
8365,2017-03-19 00:00:00
15544,2017-03-20 00:00:00
16371,2017-03-21 00:00:00
15498,2017-03-22 00:00:00
12096,2017-03-23 00:00:00
13526,2017-03-24 00:00:00
9851,2017-03-25 00:00:00
5375,2017-03-26 00:00:00
15811,2017-03-27 00:00:00
17976,2017-03-28 00:00:00
18549,2017-03-29 00:00:00
18653,2017-03-30 00:00:00
18205,2017-03-31 00:00:00
9741,2017-04-01 00:00:00
7598,2017-04-02 00:00:00
18950,2017-04-03 00:00:00
20716,2017-04-04 00:00:00
23131,2017-04-05 00:00:00
19992,2017-04-06 00:00:00
21113,2017-04-07 00:00:00
15895,2017-04-08 00:00:00
12959,2017-04-09 00:00:00
18800,2017-04-10 00:00:00
20231,2017-04-11 00:00:00
19829,2017-04-12 00:00:00
17176,2017-04-13 00:00:00
12332,2017-04-14 00:00:00
6032,2017-04-15 00:00:00
4622,2017-04-16 00:00:00
5485,2017-04-17 00:00:00
10986,2017-04-18 00:00:00
14473,2017-04-19 00:00:00
15737,2017-04-20 00:00:00
16099,2017-04-21 00:00:00
8486,2017-04-22 00:00:00
6750,2017-04-23 00:00:00
8710,2017-04-24 00:00:00
6502,2017-04-25 00:00:00
1564,2017-04-26 00:00:00
5937,2017-04-27 00:00:00
13893,2017-04-28 00:00:00
8719,2017-04-29 00:00:00
7515,2017-04-30 00:00:00
1562,2017-05-01 00:00:00
10909,2017-05-02 00:00:00
13220,2017-05-03 00:00:00
11852,2017-05-04 00:00:00
17756,2017-05-05 00:00:00
4607,2017-05-06 00:00:00
7100,2017-05-07 00:00:00
16804,2017-05-08 00:00:00
18903,2017-05-09 00:00:00
17634,2017-05-10 00:00:00
13787,2017-05-11 00:00:00
15414,2017-05-12 00:00:00
12203,2017-05-13 00:00:00
9150,2017-05-14 00:00:00
18307,2017-05-15 00:00:00
19275,2017-05-16 00:00:00
18391,2017-05-17 00:00:00
18045,2017-05-18 00:00:00
14028,2017-05-19 00:00:00
12336,2017-05-20 00:00:00
10990,2017-05-21 00:00:00
18701,2017-05-22 00:00:00
20320,2017-05-23 00:00:00
20082,2017-05-24 00:00:00
20337,2017-05-25 00:00:00
20355,2017-05-26 00:00:00
12500,2017-05-27 00:00:00
10394,2017-05-28 00:00:00
18293,2017-05-29 00:00:00
19740,2017-05-30 00:00:00
19267,2017-05-31 00:00:00
18165,2017-06-01 00:00:00
7174,2017-06-02 00:00:00
7228,2017-06-03 00:00:00
7111,2017-06-04 00:00:00
14898,2017-06-05 00:00:00
17346,2017-06-06 00:00:00
20615,2017-06-07 00:00:00
20481,2017-06-08 00:00:00
18869,2017-06-09 00:00:00
10699,2017-06-10 00:00:00
9314,2017-06-11 00:00:00
17783,2017-06-12 00:00:00
18954,2017-06-13 00:00:00
15595,2017-06-14 00:00:00
19385,2017-06-15 00:00:00
20117,2017-06-16 00:00:00
10026,2017-06-17 00:00:00
9031,2017-06-18 00:00:00
17645,2017-06-19 00:00:00
18682,2017-06-20 00:00:00
18477,2017-06-21 00:00:00
18069,2017-06-22 00:00:00
16112,2017-06-23 00:00:00
8209,2017-06-24 00:00:00
7226,2017-06-25 00:00:00
14274,2017-06-26 00:00:00
18293,2017-06-27 00:00:00
12305,2017-06-28 00:00:00
15100,2017-06-29 00:00:00
16591,2017-06-30 00:00:00
10118,2017-07-01 00:00:00
8701,2017-07-02 00:00:00
16884,2017-07-03 00:00:00
18102,2017-07-04 00:00:00
18039,2017-07-05 00:00:00
17623,2017-07-06 00:00:00
15191,2017-07-07 00:00:00
7257,2017-07-08 00:00:00
6382,2017-07-09 00:00:00
14350,2017-07-10 00:00:00
14857,2017-07-11 00:00:00
17269,2017-07-12 00:00:00
16332,2017-07-13 00:00:00
15174,2017-07-14 00:00:00
7785,2017-07-15 00:00:00
6987,2017-07-16 00:00:00
15612,2017-07-17 00:00:00
16451,2017-07-18 00:00:00
16542,2017-07-19 00:00:00
16653,2017-07-20 00:00:00
13400,2017-07-21 00:00:00
7446,2017-07-22 00:00:00
6212,2017-07-23 00:00:00
13245,2017-07-24 00:00:00
16194,2017-07-25 00:00:00
16420,2017-07-26 00:00:00
15706,2017-07-27 00:00:00
14186,2017-07-28 00:00:00
6830,2017-07-29 00:00:00
5546,2017-07-30 00:00:00
12678,2017-07-31 00:00:00
13100,2017-08-01 00:00:00
11970,2017-08-02 00:00:00
11193,2017-08-03 00:00:00
9442,2017-08-04 00:00:00
4076,2017-08-05 00:00:00
3497,2017-08-06 00:00:00
7847,2017-08-07 00:00:00
8231,2017-08-08 00:00:00
8269,2017-08-09 00:00:00
7428,2017-08-10 00:00:00
5365,2017-08-11 00:00:00
3539,2017-08-12 00:00:00
2732,2017-08-13 00:00:00
3607,2017-08-14 00:00:00
2823,2017-08-15 00:00:00
4254,2017-08-16 00:00:00
5008,2017-08-17 00:00:00
4609,2017-08-18 00:00:00
3176,2017-08-19 00:00:00
3487,2017-08-20 00:00:00
7372,2017-08-21 00:00:00
8818,2017-08-22 00:00:00
9038,2017-08-23 00:00:00
9287,2017-08-24 00:00:00
8564,2017-08-25 00:00:00
5351,2017-08-26 00:00:00
5253,2017-08-27 00:00:00
12038,2017-08-28 00:00:00
13909,2017-08-29 00:00:00
14825,2017-08-30 00:00:00
14346,2017-08-31 00:00:00
12054,2017-09-01 00:00:00
2752,2017-09-02 00:00:00
8753,2017-09-03 00:00:00
17037,2017-09-04 00:00:00
18458,2017-09-05 00:00:00
17896,2017-09-06 00:00:00
18765,2017-09-07 00:00:00
17478,2017-09-08 00:00:00
7093,2017-09-09 00:00:00
2014,2017-09-10 00:00:00
14980,2017-09-11 00:00:00
17000,2017-09-12 00:00:00
19144,2017-09-13 00:00:00
15753,2017-09-14 00:00:00
14511,2017-09-15 00:00:00
8592,2017-09-16 00:00:00
7438,2017-09-17 00:00:00
15911,2017-09-18 00:00:00
18796,2017-09-19 00:00:00
18995,2017-09-20 00:00:00
18475,2017-09-21 00:00:00
17983,2017-09-22 00:00:00
10850,2017-09-23 00:00:00
8812,2017-09-24 00:00:00
17949,2017-09-25 00:00:00
18479,2017-09-26 00:00:00
19220,2017-09-27 00:00:00
17228,2017-09-28 00:00:00
18360,2017-09-29 00:00:00
10250,2017-09-30 00:00:00
7331,2017-10-01 00:00:00
17292,2017-10-02 00:00:00
18271,2017-10-03 00:00:00
18256,2017-10-04 00:00:00
18839,2017-10-05 00:00:00
19958,2017-10-06 00:00:00
10854,2017-10-07 00:00:00
8991,2017-10-08 00:00:00
17690,2017-10-09 00:00:00
18573,2017-10-10 00:00:00
18951,2017-10-11 00:00:00
18966,2017-10-12 00:00:00
18308,2017-10-13 00:00:00
10646,2017-10-14 00:00:00
9130,2017-10-15 00:00:00
17448,2017-10-16 00:00:00
18571,2017-10-17 00:00:00
18498,2017-10-18 00:00:00
17571,2017-10-19 00:00:00
16047,2017-10-20 00:00:00
8122,2017-10-21 00:00:00
6027,2017-10-22 00:00:00
16435,2017-10-23 00:00:00
17827,2017-10-24 00:00:00
18118,2017-10-25 00:00:00
17732,2017-10-26 00:00:00
17765,2017-10-27 00:00:00
9465,2017-10-28 00:00:00
7052,2017-10-29 00:00:00
16343,2017-10-30 00:00:00
17043,2017-10-31 00:00:00
7934,2017-11-01 00:00:00
14966,2017-11-02 00:00:00
15251,2017-11-03 00:00:00
7739,2017-11-04 00:00:00
986,2017-11-05 00:00:00
7513,2017-11-06 00:00:00
13749,2017-11-07 00:00:00
11639,2017-11-08 00:00:00
8387,2017-11-09 00:00:00
16281,2017-11-10 00:00:00
7701,2017-11-11 00:00:00
4149,2017-11-12 00:00:00
13432,2017-11-13 00:00:00
14817,2017-11-14 00:00:00
14878,2017-11-15 00:00:00
14836,2017-11-16 00:00:00
14665,2017-11-17 00:00:00
7607,2017-11-18 00:00:00
5716,2017-11-19 00:00:00
13996,2017-11-20 00:00:00
14887,2017-11-21 00:00:00
14967,2017-11-22 00:00:00
14586,2017-11-23 00:00:00
13957,2017-11-24 00:00:00
2868,2017-11-25 00:00:00
5556,2017-11-26 00:00:00
13131,2017-11-27 00:00:00
11050,2017-11-28 00:00:00
11973,2017-11-29 00:00:00
13273,2017-11-30 00:00:00
12552,2017-12-01 00:00:00
5647,2017-12-02 00:00:00
4354,2017-12-03 00:00:00
11683,2017-12-04 00:00:00
12731,2017-12-05 00:00:00
12683,2017-12-06 00:00:00
4773,2017-12-07 00:00:00
3206,2017-12-08 00:00:00
3357,2017-12-09 00:00:00
1724,2017-12-10 00:00:00
3741,2017-12-11 00:00:00
11213,2017-12-12 00:00:00
11903,2017-12-13 00:00:00
12017,2017-12-14 00:00:00
11361,2017-12-15 00:00:00
5863,2017-12-16 00:00:00
4512,2017-12-17 00:00:00
10861,2017-12-18 00:00:00
11504,2017-12-19 00:00:00
11413,2017-12-20 00:00:00
11124,2017-12-21 00:00:00
9757,2017-12-22 00:00:00
4382,2017-12-23 00:00:00
2802,2017-12-24 00:00:00
1016,2017-12-25 00:00:00
719,2017-12-26 00:00:00
438,2017-12-27 00:00:00
4365,2017-12-28 00:00:00
4178,2017-12-29 00:00:00
2194,2017-12-30 00:00:00
1499,2017-12-31 00:00:00
749,2018-01-01 00:00:00
4134,2018-01-02 00:00:00
4756,2018-01-03 00:00:00
6253,2018-01-04 00:00:00
5826,2018-01-05 00:00:00
1473,2018-01-06 00:00:00
2788,2018-01-07 00:00:00
9861,2018-01-08 00:00:00
10303,2018-01-09 00:00:00
11547,2018-01-10 00:00:00
11988,2018-01-11 00:00:00
12282,2018-01-12 00:00:00
6259,2018-01-13 00:00:00
4114,2018-01-14 00:00:00
10513,2018-01-15 00:00:00
11176,2018-01-16 00:00:00
11138,2018-01-17 00:00:00
12172,2018-01-18 00:00:00
12174,2018-01-19 00:00:00
5715,2018-01-20 00:00:00
4645,2018-01-21 00:00:00
11567,2018-01-22 00:00:00
12327,2018-01-23 00:00:00
12178,2018-01-24 00:00:00
7207,2018-01-25 00:00:00
7599,2018-01-26 00:00:00
5282,2018-01-27 00:00:00
3647,2018-01-28 00:00:00
10951,2018-01-29 00:00:00
11327,2018-01-30 00:00:00
8215,2018-01-31 00:00:00
9711,2018-02-01 00:00:00
11079,2018-02-02 00:00:00
5603,2018-02-03 00:00:00
3910,2018-02-04 00:00:00
5480,2018-02-05 00:00:00
6816,2018-02-06 00:00:00
11569,2018-02-07 00:00:00
11720,2018-02-08 00:00:00
11497,2018-02-09 00:00:00
5537,2018-02-10 00:00:00
3960,2018-02-11 00:00:00
11252,2018-02-12 00:00:00
11872,2018-02-13 00:00:00
11931,2018-02-14 00:00:00
10697,2018-02-15 00:00:00
9244,2018-02-16 00:00:00
4308,2018-02-17 00:00:00
3382,2018-02-18 00:00:00
10841,2018-02-19 00:00:00
11836,2018-02-20 00:00:00
12159,2018-02-21 00:00:00
7768,2018-02-22 00:00:00
6053,2018-02-23 00:00:00
5135,2018-02-24 00:00:00
2367,2018-02-25 00:00:00
8986,2018-02-26 00:00:00
9358,2018-02-27 00:00:00
9326,2018-02-28 00:00:00
4094,2018-03-01 00:00:00
3989,2018-03-02 00:00:00
1765,2018-03-03 00:00:00
2620,2018-03-04 00:00:00
9359,2018-03-05 00:00:00
9120,2018-03-06 00:00:00
7502,2018-03-07 00:00:00
13597,2018-03-08 00:00:00
12823,2018-03-09 00:00:00
2458,2018-03-10 00:00:00
799,2018-03-11 00:00:00
10991,2018-03-12 00:00:00
13604,2018-03-13 00:00:00
13865,2018-03-14 00:00:00
3940,2018-03-15 00:00:00
12800,2018-03-16 00:00:00
1490,2018-03-17 00:00:00
1308,2018-03-18 00:00:00
8955,2018-03-19 00:00:00
11291,2018-03-20 00:00:00
11735,2018-03-21 00:00:00
12379,2018-03-22 00:00:00
12692,2018-03-23 00:00:00
6173,2018-03-24 00:00:00
5470,2018-03-25 00:00:00
13169,2018-03-26 00:00:00
14107,2018-03-27 00:00:00
13379,2018-03-28 00:00:00
10101,2018-03-29 00:00:00
8480,2018-03-30 00:00:00
2666,2018-03-31 00:00:00
3226,2018-04-01 00:00:00
3658,2018-04-02 00:00:00
8198,2018-04-03 00:00:00
4075,2018-04-04 00:00:00
13524,2018-04-05 00:00:00
14659,2018-04-06 00:00:00
9259,2018-04-07 00:00:00
7856,2018-04-08 00:00:00
5484,2018-04-09 00:00:00
10332,2018-04-10 00:00:00
6832,2018-04-11 00:00:00
8222,2018-04-12 00:00:00
13121,2018-04-13 00:00:00
9433,2018-04-14 00:00:00
5324,2018-04-15 00:00:00
16131,2018-04-16 00:00:00
18125,2018-04-17 00:00:00
18897,2018-04-18 00:00:00
19477,2018-04-19 00:00:00
19673,2018-04-20 00:00:00
13898,2018-04-21 00:00:00
10638,2018-04-22 00:00:00
16123,2018-04-23 00:00:00
17115,2018-04-24 00:00:00
8866,2018-04-25 00:00:00
15274,2018-04-26 00:00:00
13467,2018-04-27 00:00:00
6586,2018-04-28 00:00:00
5202,2018-04-29 00:00:00
8442,2018-04-30 00:00:00
5313,2018-05-01 00:00:00
5741,2018-05-02 00:00:00
10835,2018-05-03 00:00:00
12255,2018-05-04 00:00:00
9597,2018-05-05 00:00:00
8696,2018-05-06 00:00:00
16053,2018-05-07 00:00:00
16777,2018-05-08 00:00:00
14344,2018-05-09 00:00:00
17603,2018-05-10 00:00:00
14452,2018-05-11 00:00:00
9495,2018-05-12 00:00:00
6113,2018-05-13 00:00:00
13366,2018-05-14 00:00:00
14292,2018-05-15 00:00:00
12649,2018-05-16 00:00:00
15907,2018-05-17 00:00:00
16643,2018-05-18 00:00:00
9157,2018-05-19 00:00:00
5604,2018-05-20 00:00:00
13030,2018-05-21 00:00:00
10762,2018-05-22 00:00:00
16122,2018-05-23 00:00:00
17217,2018-05-24 00:00:00
16738,2018-05-25 00:00:00
9626,2018-05-26 00:00:00
7446,2018-05-27 00:00:00
12409,2018-05-28 00:00:00
15854,2018-05-29 00:00:00
15273,2018-05-30 00:00:00
16573,2018-05-31 00:00:00
288,2018-06-01 00:00:00
831,2019-01-01 00:00:00
3512,2019-01-02 00:00:00
4126,2019-01-03 00:00:00
4201,2019-01-04 00:00:00
2875,2019-01-05 00:00:00
2878,2019-01-06 00:00:00
8662,2019-01-07 00:00:00
8948,2019-01-08 00:00:00
9205,2019-01-09 00:00:00
8703,2019-01-10 00:00:00
9195,2019-01-11 00:00:00
3964,2019-01-12 00:00:00
2930,2019-01-13 00:00:00
6591,2019-01-14 00:00:00
9884,2019-01-15 00:00:00
9399,2019-01-16 00:00:00
6563,2019-01-17 00:00:00
9029,2019-01-18 00:00:00
4080,2019-01-19 00:00:00
2906,2019-01-20 00:00:00
9295,2019-01-21 00:00:00
9442,2019-01-22 00:00:00
8153,2019-01-23 00:00:00
8993,2019-01-24 00:00:00
8813,2019-01-25 00:00:00
3999,2019-01-26 00:00:00
1546,2019-01-27 00:00:00
8966,2019-01-28 00:00:00
9216,2019-01-29 00:00:00
5039,2019-01-30 00:00:00
7790,2019-01-31 00:00:00
2009,2019-02-01 00:00:00
2181,2019-02-02 00:00:00
2224,2019-02-03 00:00:00
9126,2019-02-04 00:00:00
9418,2019-02-05 00:00:00
9771,2019-02-06 00:00:00
9586,2019-02-07 00:00:00
9113,2019-02-08 00:00:00
4309,2019-02-09 00:00:00
1191,2019-02-10 00:00:00
9077,2019-02-11 00:00:00
10461,2019-02-12 00:00:00
10289,2019-02-13 00:00:00
9762,2019-02-14 00:00:00
9741,2019-02-15 00:00:00
4628,2019-02-16 00:00:00
3656,2019-02-17 00:00:00
10357,2019-02-18 00:00:00
10845,2019-02-19 00:00:00
10442,2019-02-20 00:00:00
11055,2019-02-21 00:00:00
10777,2019-02-22 00:00:00
3932,2019-02-23 00:00:00
3429,2019-02-24 00:00:00
10463,2019-02-25 00:00:00
11538,2019-02-26 00:00:00
12053,2019-02-27 00:00:00
11851,2019-02-28 00:00:00
11535,2019-03-01 00:00:00
5625,2019-03-02 00:00:00
4785,2019-03-03 00:00:00
8049,2019-03-04 00:00:00
11259,2019-03-05 00:00:00
10769,2019-03-06 00:00:00
9294,2019-03-07 00:00:00
11411,2019-03-08 00:00:00
5171,2019-03-09 00:00:00
4223,2019-03-10 00:00:00
10132,2019-03-11 00:00:00
11685,2019-03-12 00:00:00
11538,2019-03-13 00:00:00
12020,2019-03-14 00:00:00
12523,2019-03-15 00:00:00
6485,2019-03-16 00:00:00
4269,2019-03-17 00:00:00
10927,2019-03-18 00:00:00
11535,2019-03-19 00:00:00
11579,2019-03-20 00:00:00
11875,2019-03-21 00:00:00
11910,2019-03-22 00:00:00
6697,2019-03-23 00:00:00
6068,2019-03-24 00:00:00
11542,2019-03-25 00:00:00
11910,2019-03-26 00:00:00
11986,2019-03-27 00:00:00
12144,2019-03-28 00:00:00
12124,2019-03-29 00:00:00
6490,2019-03-30 00:00:00
5345,2019-03-31 00:00:00
12386,2019-04-01 00:00:00
12675,2019-04-02 00:00:00
9447,2019-04-03 00:00:00
3648,2019-04-04 00:00:00
11574,2019-04-05 00:00:00
6070,2019-04-06 00:00:00
3016,2019-04-07 00:00:00
12569,2019-04-08 00:00:00
14226,2019-04-09 00:00:00
14107,2019-04-10 00:00:00
4546,2019-04-11 00:00:00
10695,2019-04-12 00:00:00
7955,2019-04-13 00:00:00
1206,2019-04-14 00:00:00
11686,2019-04-15 00:00:00
12626,2019-04-16 00:00:00
12948,2019-04-17 00:00:00
11509,2019-04-18 00:00:00
9360,2019-04-19 00:00:00
4111,2019-04-20 00:00:00
2774,2019-04-21 00:00:00
2698,2019-04-22 00:00:00
1274,2019-04-23 00:00:00
4782,2019-04-24 00:00:00
2678,2019-04-25 00:00:00
4680,2019-04-26 00:00:00
5039,2019-04-27 00:00:00
4562,2019-04-28 00:00:00
10028,2019-04-29 00:00:00
11744,2019-04-30 00:00:00
6636,2019-05-01 00:00:00
11840,2019-05-02 00:00:00
8444,2019-05-03 00:00:00
5798,2019-05-04 00:00:00
2210,2019-05-05 00:00:00
11616,2019-05-06 00:00:00
12923,2019-05-07 00:00:00
6728,2019-05-08 00:00:00
12107,2019-05-09 00:00:00
12967,2019-05-10 00:00:00
5028,2019-05-11 00:00:00
4642,2019-05-12 00:00:00
11846,2019-05-13 00:00:00
13128,2019-05-14 00:00:00
12207,2019-05-15 00:00:00
13122,2019-05-16 00:00:00
9875,2019-05-17 00:00:00
2455,2019-05-18 00:00:00
1518,2019-05-19 00:00:00
6758,2019-05-20 00:00:00
12824,2019-05-21 00:00:00
12786,2019-05-22 00:00:00
13535,2019-05-23 00:00:00
13279,2019-05-24 00:00:00
5925,2019-05-25 00:00:00
5140,2019-05-26 00:00:00
4565,2019-05-27 00:00:00
9369,2019-05-28 00:00:00
12495,2019-05-29 00:00:00
13835,2019-05-30 00:00:00
13331,2019-05-31 00:00:00
6971,2019-06-01 00:00:00
5667,2019-06-02 00:00:00
12957,2019-06-03 00:00:00
13692,2019-06-04 00:00:00
13806,2019-06-05 00:00:00
13477,2019-06-06 00:00:00
12871,2019-06-07 00:00:00
6879,2019-06-08 00:00:00
5324,2019-06-09 00:00:00
11921,2019-06-10 00:00:00
13391,2019-06-11 00:00:00
12865,2019-06-12 00:00:00
10717,2019-06-13 00:00:00
12237,2019-06-14 00:00:00
6042,2019-06-15 00:00:00
4903,2019-06-16 00:00:00
12325,2019-06-17 00:00:00
13006,2019-06-18 00:00:00
12944,2019-06-19 00:00:00
12921,2019-06-20 00:00:00
11568,2019-06-21 00:00:00
3478,2019-06-22 00:00:00
4726,2019-06-23 00:00:00
11528,2019-06-24 00:00:00
12357,2019-06-25 00:00:00
11769,2019-06-26 00:00:00
10183,2019-06-27 00:00:00
9212,2019-06-28 00:00:00
4568,2019-06-29 00:00:00
3832,2019-06-30 00:00:00
10146,2019-07-01 00:00:00
11408,2019-07-02 00:00:00
9719,2019-07-03 00:00:00
10548,2019-07-04 00:00:00
10037,2019-07-05 00:00:00
4013,2019-07-06 00:00:00
3446,2019-07-07 00:00:00
10473,2019-07-08 00:00:00
11288,2019-07-09 00:00:00
11700,2019-07-10 00:00:00
12446,2019-07-11 00:00:00
10640,2019-07-12 00:00:00
4529,2019-07-13 00:00:00
3930,2019-07-14 00:00:00
7950,2019-07-15 00:00:00
11767,2019-07-16 00:00:00
11656,2019-07-17 00:00:00
11289,2019-07-18 00:00:00
10154,2019-07-19 00:00:00
4242,2019-07-20 00:00:00
3644,2019-07-21 00:00:00
9669,2019-07-22 00:00:00
7940,2019-07-23 00:00:00
8685,2019-07-24 00:00:00
7517,2019-07-25 00:00:00
7406,2019-07-26 00:00:00
2941,2019-07-27 00:00:00
3522,2019-07-28 00:00:00
9002,2019-07-29 00:00:00
9583,2019-07-30 00:00:00
9572,2019-07-31 00:00:00
9210,2019-08-01 00:00:00
7260,2019-08-02 00:00:00
3183,2019-08-03 00:00:00
2861,2019-08-04 00:00:00
6340,2019-08-05 00:00:00
6625,2019-08-06 00:00:00
4855,2019-08-07 00:00:00
5427,2019-08-08 00:00:00
4604,2019-08-09 00:00:00
1939,2019-08-10 00:00:00
1672,2019-08-11 00:00:00
2435,2019-08-12 00:00:00
3058,2019-08-13 00:00:00
2761,2019-08-14 00:00:00
1757,2019-08-15 00:00:00
2245,2019-08-16 00:00:00
1961,2019-08-17 00:00:00
1950,2019-08-18 00:00:00
3767,2019-08-19 00:00:00
4430,2019-08-20 00:00:00
4648,2019-08-21 00:00:00
4027,2019-08-22 00:00:00
4398,2019-08-23 00:00:00
2677,2019-08-24 00:00:00
2849,2019-08-25 00:00:00
6898,2019-08-26 00:00:00
8051,2019-08-27 00:00:00
5703,2019-08-28 00:00:00
8654,2019-08-29 00:00:00
8298,2019-08-30 00:00:00
3940,2019-08-31 00:00:00
4213,2019-09-01 00:00:00
6644,2019-09-02 00:00:00
11544,2019-09-03 00:00:00
12052,2019-09-04 00:00:00
10671,2019-09-05 00:00:00
8286,2019-09-06 00:00:00
5702,2019-09-07 00:00:00
3205,2019-09-08 00:00:00
11035,2019-09-09 00:00:00
12330,2019-09-10 00:00:00
12921,2019-09-11 00:00:00
12969,2019-09-12 00:00:00
12587,2019-09-13 00:00:00
6433,2019-09-14 00:00:00
5384,2019-09-15 00:00:00
12592,2019-09-16 00:00:00
13572,2019-09-17 00:00:00
13410,2019-09-18 00:00:00
12763,2019-09-19 00:00:00
12394,2019-09-20 00:00:00
6574,2019-09-21 00:00:00
3704,2019-09-22 00:00:00
11903,2019-09-23 00:00:00
13152,2019-09-24 00:00:00
13258,2019-09-25 00:00:00
13273,2019-09-26 00:00:00
13863,2019-09-27 00:00:00
6593,2019-09-28 00:00:00
5659,2019-09-29 00:00:00
12642,2019-09-30 00:00:00
13263,2019-10-01 00:00:00
12965,2019-10-02 00:00:00
13144,2019-10-03 00:00:00
11849,2019-10-04 00:00:00
6333,2019-10-05 00:00:00
5177,2019-10-06 00:00:00
10764,2019-10-07 00:00:00
12603,2019-10-08 00:00:00
7611,2019-10-09 00:00:00
12283,2019-10-10 00:00:00
11782,2019-10-11 00:00:00
6222,2019-10-12 00:00:00
4869,2019-10-13 00:00:00
11894,2019-10-14 00:00:00
3997,2019-10-15 00:00:00
11319,2019-10-16 00:00:00
11941,2019-10-17 00:00:00
10736,2019-10-18 00:00:00
2482,2019-10-19 00:00:00
2312,2019-10-20 00:00:00
2352,2019-10-21 00:00:00
10844,2019-10-22 00:00:00
11985,2019-10-23 00:00:00
2861,2019-10-24 00:00:00
11769,2019-10-25 00:00:00
6835,2019-10-26 00:00:00
5335,2019-10-27 00:00:00
11422,2019-10-28 00:00:00
9027,2019-10-29 00:00:00
10463,2019-10-30 00:00:00
9752,2019-10-31 00:00:00
3255,2019-11-01 00:00:00
2404,2019-11-02 00:00:00
837,2019-11-03 00:00:00
9556,2019-11-04 00:00:00
8923,2019-11-05 00:00:00
6791,2019-11-06 00:00:00
6110,2019-11-07 00:00:00
5751,2019-11-08 00:00:00
4975,2019-11-09 00:00:00
3481,2019-11-10 00:00:00
4052,2019-11-11 00:00:00
7470,2019-11-12 00:00:00
9816,2019-11-13 00:00:00
8901,2019-11-14 00:00:00
7300,2019-11-15 00:00:00
3421,2019-11-16 00:00:00
1107,2019-11-17 00:00:00
6688,2019-11-18 00:00:00
1569,2019-11-19 00:00:00
8300,2019-11-20 00:00:00
8286,2019-11-21 00:00:00
3450,2019-11-22 00:00:00
952,2019-11-23 00:00:00
1047,2019-11-24 00:00:00
3936,2019-11-25 00:00:00
9775,2019-11-26 00:00:00
2238,2019-11-27 00:00:00
9534,2019-11-28 00:00:00
8732,2019-11-29 00:00:00
3825,2019-11-30 00:00:00
553,2019-12-01 00:00:00
8401,2019-12-02 00:00:00
9545,2019-12-03 00:00:00
9598,2019-12-04 00:00:00
9406,2019-12-05 00:00:00
8567,2019-12-06 00:00:00
3493,2019-12-07 00:00:00
2732,2019-12-08 00:00:00
8205,2019-12-09 00:00:00
9828,2019-12-10 00:00:00
9145,2019-12-11 00:00:00
7041,2019-12-12 00:00:00
4669,2019-12-13 00:00:00
4395,2019-12-14 00:00:00
2192,2019-12-15 00:00:00
5124,2019-12-16 00:00:00
4947,2019-12-17 00:00:00
6919,2019-12-18 00:00:00
5688,2019-12-19 00:00:00
2905,2019-12-20 00:00:00
2636,2019-12-21 00:00:00
2878,2019-12-22 00:00:00
5388,2019-12-23 00:00:00
3688,2019-12-24 00:00:00
1142,2019-12-25 00:00:00
1492,2019-12-26 00:00:00
2995,2019-12-27 00:00:00
1944,2019-12-28 00:00:00
1269,2019-12-29 00:00:00
2698,2019-12-30 00:00:00
2126,2019-12-31 00:00:00
1058,2020-01-01 00:00:00
2576,2020-01-02 00:00:00
2930,2020-01-03 00:00:00
2092,2020-01-04 00:00:00
2220,2020-01-05 00:00:00
2095,2020-01-06 00:00:00
5130,2020-01-07 00:00:00
5411,2020-01-08 00:00:00
4926,2020-01-09 00:00:00
7338,2020-01-10 00:00:00
3713,2020-01-11 00:00:00
2766,2020-01-12 00:00:00
7504,2020-01-13 00:00:00
7887,2020-01-14 00:00:00
6245,2020-01-15 00:00:00
8139,2020-01-16 00:00:00
7794,2020-01-17 00:00:00
3155,2020-01-18 00:00:00
2566,2020-01-19 00:00:00
8013,2020-01-20 00:00:00
8278,2020-01-21 00:00:00
8108,2020-01-22 00:00:00
8165,2020-01-23 00:00:00
7693,2020-01-24 00:00:00
3141,2020-01-25 00:00:00
2816,2020-01-26 00:00:00
7683,2020-01-27 00:00:00
7168,2020-01-28 00:00:00
8792,2020-01-29 00:00:00
8513,2020-01-30 00:00:00
8498,2020-01-31 00:00:00
3264,2020-02-01 00:00:00
5339,2020-02-02 00:00:00
8261,2020-02-03 00:00:00
7730,2020-02-04 00:00:00
6696,2020-02-05 00:00:00
7024,2020-02-06 00:00:00
8493,2020-02-07 00:00:00
3901,2020-02-08 00:00:00
1885,2020-02-09 00:00:00
6471,2020-02-10 00:00:00
9209,2020-02-11 00:00:00
9225,2020-02-12 00:00:00
8241,2020-02-13 00:00:00
8838,2020-02-14 00:00:00
4101,2020-02-15 00:00:00
3077,2020-02-16 00:00:00
4072,2020-02-17 00:00:00
8843,2020-02-18 00:00:00
8028,2020-02-19 00:00:00
8236,2020-02-20 00:00:00
8720,2020-02-21 00:00:00
4062,2020-02-22 00:00:00
2876,2020-02-23 00:00:00
6994,2020-02-24 00:00:00
5669,2020-02-25 00:00:00
5009,2020-02-26 00:00:00
5179,2020-02-27 00:00:00
4277,2020-02-28 00:00:00
2102,2020-02-29 00:00:00
1326,2020-03-01 00:00:00
1660,2020-03-02 00:00:00
6275,2020-03-03 00:00:00
4657,2020-03-04 00:00:00
2251,2020-03-05 00:00:00
5211,2020-03-06 00:00:00
3464,2020-03-07 00:00:00
2382,2020-03-08 00:00:00
3618,2020-03-09 00:00:00
3047,2020-03-10 00:00:00
2982,2020-03-11 00:00:00
1600,2020-03-12 00:00:00
1526,2020-03-13 00:00:00
502,2020-03-14 00:00:00
663,2020-03-15 00:00:00
1241,2020-03-16 00:00:00
1164,2020-03-17 00:00:00
1119,2020-03-18 00:00:00
971,2020-03-19 00:00:00
999,2020-03-20 00:00:00
479,2020-03-21 00:00:00
240,2020-03-22 00:00:00
556,2020-03-23 00:00:00
631,2020-03-24 00:00:00
562,2020-03-25 00:00:00
584,2020-03-26 00:00:00
676,2020-03-27 00:00:00
422,2020-03-28 00:00:00
267,2020-03-29 00:00:00
589,2020-03-30 00:00:00
569,2020-03-31 00:00:00
591,2020-04-01 00:00:00
663,2020-04-02 00:00:00
714,2020-04-03 00:00:00
468,2020-04-04 00:00:00
303,2020-04-05 00:00:00
755,2020-04-06 00:00:00
808,2020-04-07 00:00:00
847,2020-04-08 00:00:00
835,2020-04-09 00:00:00
903,2020-04-10 00:00:00
604,2020-04-11 00:00:00
274,2020-04-12 00:00:00
317,2020-04-13 00:00:00
887,2020-04-14 00:00:00
892,2020-04-15 00:00:00
910,2020-04-16 00:00:00
1002,2020-04-17 00:00:00
606,2020-04-18 00:00:00
389,2020-04-19 00:00:00
419,2020-04-20 00:00:00
537,2020-04-21 00:00:00
1000,2020-04-22 00:00:00
1027,2020-04-23 00:00:00
1179,2020-04-24 00:00:00
690,2020-04-25 00:00:00
593,2020-04-26 00:00:00
1172,2020-04-27 00:00:00
1086,2020-04-28 00:00:00
1204,2020-04-29 00:00:00
1095,2020-04-30 00:00:00
615,2020-05-01 00:00:00
1170,2020-05-02 00:00:00
1075,2020-05-03 00:00:00
3506,2020-05-04 00:00:00
3420,2020-05-05 00:00:00
3689,2020-05-06 00:00:00
4120,2020-05-07 00:00:00
4260,2020-05-08 00:00:00
5054,2020-05-09 00:00:00
3952,2020-05-10 00:00:00
669,2020-05-11 00:00:00
3205,2020-05-12 00:00:00
1831,2020-05-13 00:00:00
3973,2020-05-14 00:00:00
2783,2020-05-15 00:00:00
4013,2020-05-16 00:00:00
5038,2020-05-17 00:00:00
4938,2020-05-18 00:00:00
2946,2020-05-19 00:00:00
6013,2020-05-20 00:00:00
5883,2020-05-21 00:00:00
6147,2020-05-22 00:00:00
4850,2020-05-23 00:00:00
5390,2020-05-24 00:00:00
5748,2020-05-25 00:00:00
6206,2020-05-26 00:00:00
6523,2020-05-27 00:00:00
6588,2020-05-28 00:00:00
6682,2020-05-29 00:00:00
5558,2020-05-30 00:00:00
4763,2020-05-31 00:00:00
6011,2020-06-01 00:00:00
4684,2020-06-02 00:00:00
5706,2020-06-03 00:00:00
840,2020-06-04 00:00:00
6918,2020-06-05 00:00:00
5315,2020-06-06 00:00:00
941,2020-06-07 00:00:00
3650,2020-06-08 00:00:00
5833,2020-06-09 00:00:00
5956,2020-06-10 00:00:00
4519,2020-06-11 00:00:00
6546,2020-06-12 00:00:00
3815,2020-06-13 00:00:00
4155,2020-06-14 00:00:00
6367,2020-06-15 00:00:00
6960,2020-06-16 00:00:00
5259,2020-06-17 00:00:00
7204,2020-06-18 00:00:00
6662,2020-06-19 00:00:00
4842,2020-06-20 00:00:00
3825,2020-06-21 00:00:00
6753,2020-06-22 00:00:00
7620,2020-06-23 00:00:00
7832,2020-06-24 00:00:00
7603,2020-06-25 00:00:00
7242,2020-06-26 00:00:00
4004,2020-06-27 00:00:00
3233,2020-06-28 00:00:00
6713,2020-06-29 00:00:00
7742,2020-06-30 00:00:00
6836,2020-07-01 00:00:00
7414,2020-07-02 00:00:00
5302,2020-07-03 00:00:00
3927,2020-07-04 00:00:00
3095,2020-07-05 00:00:00
6475,2020-07-06 00:00:00
7834,2020-07-07 00:00:00
8028,2020-07-08 00:00:00
7714,2020-07-09 00:00:00
6539,2020-07-10 00:00:00
3597,2020-07-11 00:00:00
3230,2020-07-12 00:00:00
6902,2020-07-13 00:00:00
7907,2020-07-14 00:00:00
7033,2020-07-15 00:00:00
7803,2020-07-16 00:00:00
6646,2020-07-17 00:00:00
3914,2020-07-18 00:00:00
3082,2020-07-19 00:00:00
6647,2020-07-20 00:00:00
7404,2020-07-21 00:00:00
7031,2020-07-22 00:00:00
7187,2020-07-23 00:00:00
2844,2020-07-24 00:00:00
3469,2020-07-25 00:00:00
2667,2020-07-26 00:00:00
6107,2020-07-27 00:00:00
6816,2020-07-28 00:00:00
7057,2020-07-29 00:00:00
6445,2020-07-30 00:00:00
5479,2020-07-31 00:00:00
2667,2020-08-01 00:00:00
2227,2020-08-02 00:00:00
2188,2020-08-03 00:00:00
4391,2020-08-04 00:00:00
4987,2020-08-05 00:00:00
4596,2020-08-06 00:00:00
3835,2020-08-07 00:00:00
2077,2020-08-08 00:00:00
1653,2020-08-09 00:00:00
2485,2020-08-10 00:00:00
2518,2020-08-11 00:00:00
2472,2020-08-12 00:00:00
2293,2020-08-13 00:00:00
2110,2020-08-14 00:00:00
1388,2020-08-15 00:00:00
1468,2020-08-16 00:00:00
2062,2020-08-17 00:00:00
2565,2020-08-18 00:00:00
2502,2020-08-19 00:00:00
2538,2020-08-20 00:00:00
2442,2020-08-21 00:00:00
1986,2020-08-22 00:00:00
2061,2020-08-23 00:00:00
3532,2020-08-24 00:00:00
4550,2020-08-25 00:00:00
4686,2020-08-26 00:00:00
4988,2020-08-27 00:00:00
3865,2020-08-28 00:00:00
1611,2020-08-29 00:00:00
3364,2020-08-30 00:00:00
6430,2020-08-31 00:00:00
8264,2020-09-01 00:00:00
8378,2020-09-02 00:00:00
8687,2020-09-03 00:00:00
8116,2020-09-04 00:00:00
5256,2020-09-05 00:00:00
4589,2020-09-06 00:00:00
6832,2020-09-07 00:00:00
9835,2020-09-08 00:00:00
10485,2020-09-09 00:00:00
10343,2020-09-10 00:00:00
9658,2020-09-11 00:00:00
6294,2020-09-12 00:00:00
5227,2020-09-13 00:00:00
9835,2020-09-14 00:00:00
10953,2020-09-15 00:00:00
11101,2020-09-16 00:00:00
11242,2020-09-17 00:00:00
10768,2020-09-18 00:00:00
6186,2020-09-19 00:00:00
5034,2020-09-20 00:00:00
8766,2020-09-21 00:00:00
4942,2020-09-22 00:00:00
10731,2020-09-23 00:00:00
8527,2020-09-24 00:00:00
7567,2020-09-25 00:00:00
5890,2020-09-26 00:00:00
4769,2020-09-27 00:00:00
9877,2020-09-28 00:00:00
10664,2020-09-29 00:00:00
11036,2020-09-30 00:00:00
124,2020-10-01 00:00:00
